damir.azhar@auckland.ac.nz
m.barley@auckland.ac.nz
g.dobbie@auckland.ac.nz
m.egbert@auckland.ac.nz
m.gahegan@auckland.ac.nz
y.koh@auckland.ac.nz
thomas.lacombe@auckland.ac.nz
s.link@auckland.ac.nz
jiamou.liu@auckland.ac.nz
liu.qian@auckland.ac.nz
a.mahanti@auckland.ac.nz
padriac.oleary@auckland.ac.nz
ninh.pham@auckland.ac.nz
miao.qiao@auckland.ac.nz
katerina.taskova@auckland.ac.nz
jim@cs.auckland.ac.nz
david.welch@auckland.ac.nz
j.wicker@auckland.ac.nz
daniel.wilson@auckland.ac.nz
m.witbrock@auckland.ac.nz
jingfeng.zhang@auckland.ac.nz
r.asghar@auckland.ac.nz
e.bahmanteymouri@auckland.ac.nz
elizabeth.stewart@canterbury.ac.nz
stephen.wingreen@canterbury.ac.nz
diane.proudfoot@canterbury.ac.nz
chenyi.zhang@canterbury.ac.nz
olivia.erdelyi@canterbury.ac.nz
jack.copeland@canterbury.ac.nz
wendy.zhang@canterbury.ac.nz
arindam.basu@canterbury.ac.nz
michael-john.turp@canterbury.ac.nz
yilei.zhang@canterbury.ac.nz
simon.hoermann@canterbury.ac.nz
pan.zheng@canterbury.ac.nz
james.atlas@canterbury.ac.nz
tirth.patel@canterbury.ac.nz
tanja.mitrovic@canterbury.ac.nz
kourosh.neshatian@canterbury.ac.nz
michael.robb@canterbury.ac.nz
susanne.schmidt@canterbury.ac.nz
megan.blakely@canterbury.ac.nz
gail.gillon@canterbury.ac.nz
richard.green@canterbury.ac.nz
ke.jiang@canterbury.ac.nz
dan.zhao@canterbury.ac.nz
ibnu.sitompul@canterbury.ac.nz
luis.apiolaza@canterbury.ac.nz
patricio.gallardoocampo@canterbury.ac.nz
annette.mills@canterbury.ac.nz
marina.filipovic@canterbury.ac.nz
valerie.sotardi@canterbury.ac.nz
james.williams@canterbury.ac.nz
usman.afzali@canterbury.ac.nz
claire.benedict@canterbury.ac.nz
kathryn.maccallum@canterbury.ac.nz
dwain.allan@canterbury.ac.nz
carolynne.hultquist@canterbury.ac.nz
brad.hurren@canterbury.ac.nz
christian.walsh@canterbury.ac.nz
christoph.bartneck@canterbury.ac.nz
matthias.galster@canterbury.ac.nz
david.denkenberger@canterbury.ac.nz
douglas.campbell@canterbury.ac.nz
megan.mcauliffe@canterbury.ac.nz
andrew.vonasch@canterbury.ac.nz
gabor.erdelyi@canterbury.ac.nz
elsamari.botha@canterbury.ac.nz
chris.north@canterbury.ac.nz
michael.grimshaw@canterbury.ac.nz
eric.scheepbouwer@canterbury.ac.nz
varvara.vetrova@canterbury.ac.nz
trevor.nesbit@canterbury.ac.nz
chris.williamson@canterbury.ac.nz
randolph.grace@canterbury.ac.nz
paul.knott@canterbury.ac.nz
michelle.larue@canterbury.ac.nz
saurabh.sinha@canterbury.ac.nz
benjamin.adams@canterbury.ac.nz
vanessa.bastos@canterbury.ac.nz
rien.visser@canterbury.ac.nz
sanna.malinen@canterbury.ac.nz
kumar.yogeeswaran@canterbury.ac.nz
daniel.nilsson@canterbury.ac.nz
michael.hall@canterbury.ac.nz
paul.docherty@canterbury.ac.nz
chris.pretty@canterbury.ac.nz
mehrdad.aghamohammadi@auckland.ac.nz
jai.bentley-payne@auckland.ac.nz
sarah.bickerton@auckland.ac.nz
a.chan@auckland.ac.nz
jh.chan@auckland.ac.nz
kenny.ching@auckland.ac.nz
zohreh.doborjeh@auckland.ac.nz
wei.fan@auckland.ac.nz
hong.jia@auckland.ac.nz
yliu720@aucklanduni.ac.nz
sean.ma@auckland.ac.nz
f.morreale@auckland.ac.nz
sreyon.murthi@auckland.ac.nz
n.nair@auckland.ac.nz
s.nanayakkara@auckland.ac.nz
m.nejati@auckland.ac.nz
m.norouzifard@auckland.ac.nz
chris.paton@auckland.ac.nz
liam.pram@auckland.ac.nz
shahper.richter@auckland.ac.nz
reza.shahamiri@auckland.ac.nz
satwinder.singh@auckland.ac.nz
o.sinnen@auckland.ac.nz
k.stasiak@auckland.ac.nz
olga.sudareva@auckland.ac.nz
f.sundram@auckland.ac.nz
neset.tan@auckland.ac.nz
alan.wang@auckland.ac.nz
David M Abrahamson David.Abrahamson@tcd.ie
Sihem Bakri sbakri@tcd.ie
Wanling Cai WANLING.CAI@tcd.ie
Grace D'Arcy grdarcy@tcd.ie
Ferran De La Varga Antoja fdelavar@tcd.ie
Valerie De Moor demoorv@tcd.ie
Sangita Dhara dharas@tcd.ie
Stephen Farrell stephen.farrell@tcd.ie
Delaram Golpayegani golpayes@tcd.ie
Alberto Jovane jovanea@tcd.ie
Eamonn Kenny Eamonn.Kenny@tcd.ie
Rouven Lattner rlattner@tcd.ie
Yu Yang Lin Hou linhouy@tcd.ie
Erwan Moreau moreaue@tcd.ie
Gary Munnelly munnelg@tcd.ie
Matthew Nicholson nicholm1@tcd.ie
Colm O'Fearghail OFEARGCO@tcd.ie
Eva Power evpower@tcd.ie
Alex Randles arandles@tcd.ie
Brendan Spillane BRENDAN.SPILLANE@tcd.ie
Georgia Spooner GEORGIA.SPOONER@tcd.ie
John Walsh john.walsh@tcd.ie
Goksu Yamac gyamac@tcd.ie
Professor Khurshid Ahmad KHURSHID.AHMAD@tcd.ie
Inmaculada Arnedillo-Sanchez Macu.Arnedillo@tcd.ie
Stephen Barrett Stephen.Barrett@tcd.ie
Alessio Benavoli ALESSIO.BENAVOLI@tcd.ie
Abeba Birhane birhanea@tcd.ie
Goetz Botterweck GOETZ.BOTTERWECK@tcd.ie
Melanie Bouroche bourocm@tcd.ie
Nina Bresnihan Nina.Bresnihan@tcd.ie
Professor Caroline Brophy CAROLINE.BROPHY@tcd.ie
Andrew Butterfield Andrew.Butterfield@tcd.ie
Professor Vinny Cahill Vinny.Cahill@tcd.ie
Professor Siobhan Clarke Siobhan.Clarke@tcd.ie
Professor Owen Conlan owen.conlan@tcd.ie
Silvia D'Angelo dangelos@tcd.ie
Kenneth Dawson-Howe Kenneth.Dawson-Howe@tcd.ie
Eoin Delaney EOIN.DELANEY@tcd.ie
Giovanni Di Liberto gdiliber@tcd.ie
John Dingliana john.dingliana@tcd.ie
Professor Gavin Doherty Gavin.Doherty@tcd.ie
Alexis Donnelly Alexis.Donnelly@tcd.ie
Jonathan Dukes jonathan.dukes@tcd.ie
Professor Ivana Dusparic IVANA.DUSPARIC@tcd.ie
Merim Dzaferagic MERIM.DZAFERAGIC@tcd.ie
Martin Emms Martin.Emms@tcd.ie
Tim Fernando Tim.Fernando@tcd.ie
Cornelius Fritz fritzc@tcd.ie
Athanasios Georgiadis georgiaa@tcd.ie
Yvette Graham ygraham@tcd.ie
Professor David Gregg David.Gregg@tcd.ie
Professor Mads Haahr Mads.Haahr@tcd.ie
Lucy Hederman Lucy.Hederman@tcd.ie
Bahman Honari bhonari@tcd.ie
Emma Louise Howard emhoward@tcd.ie
Binh-Son Hua BINHSON.HUA@tcd.ie
Meriel Huggard Meriel.Huggard@tcd.ie
Professor John Kelleher JOHN.KELLEHER@tcd.ie
Vasileios Koutavas vkoutav@tcd.ie
Professor Douglas Leith leithdo@tcd.ie
Professor David Lewis dave.lewis@tcd.ie
Saif Ur Rehman Malik sumalik@tcd.ie
Michael Manzke Michael.Manzke@tcd.ie
Professor Rachel Mc Donnell ramcdonn@tcd.ie
Ciaran Mc Goldrick Ciaran.McGoldrick@tcd.ie
Subrahmanyam Murala muralas@tcd.ie
James Ng ngja@tcd.ie
Van-Dinh Nguyen DINH.NGUYEN@tcd.ie
Professor Gregory O'Hare GREGORY.OHARE@tcd.ie
Professor Declan O'Sullivan Declan.OSullivan@tcd.ie
Professor Carol O'Sullivan Carol.OSullivan@tcd.ie
Viet Pham VIET.PHAM@tcd.ie
Ms. Paula Roberts Paula.Roberts@tcd.ie
Professor Marco Ruffini MARCO.RUFFINI@tcd.ie
Timothy Savage Tim.Savage@tcd.ie
Fergal Shevlin Fergal.Shevlin@tcd.ie
Ms. Gaye Stephens gaye.stephens@tcd.ie
Glenn Strong Glenn.Strong@tcd.ie
Professor Brendan Tangney tangney@tcd.ie
Hitesh Tewari Hitesh.Tewari@tcd.ie
Anthony Ventresque ANTHONY.VENTRESQUE@tcd.ie
Professor Carl Vogel Carl.Vogel@tcd.ie
Professor Vincent Wade Vincent.Wade@tcd.ie
John Waldron John.Waldron@tcd.ie
Stefan Weber Stefan.Weber@tcd.ie
Arthur White arwhite@tcd.ie
Professor Simon Wilson Simon.Wilson@tcd.ie
Jason Wyse wyseja@tcd.ie
Gareth Young GARETH.YOUNG@tcd.ie
Mimi Zhang MIMI.ZHANG@tcd.ie
Éamonn Ó Nualláin Eamonn.ONuallain@tcd.ie
Shane Greenan shane.greenan@tcd.ie
Ronan Healy Ronan.Healy@tcd.ie
John Keogh John.Keogh@tcd.ie
Paul Masterson Paul.Masterson@tcd.ie
Cathal O'Connor Cathal.OConnor@tcd.ie
David M Abrahamson David.Abrahamson@tcd.ie
Sihem Bakri sbakri@tcd.ie
Wanling Cai WANLING.CAI@tcd.ie
Grace D'Arcy grdarcy@tcd.ie
Ferran De La Varga Antoja fdelavar@tcd.ie
Valerie De Moor demoorv@tcd.ie
Sangita Dhara dharas@tcd.ie
Stephen Farrell stephen.farrell@tcd.ie
Delaram Golpayegani golpayes@tcd.ie
Alberto Jovane jovanea@tcd.ie
Eamonn Kenny Eamonn.Kenny@tcd.ie
Rouven Lattner rlattner@tcd.ie
Yu Yang Lin Hou linhouy@tcd.ie
Erwan Moreau moreaue@tcd.ie
Gary Munnelly munnelg@tcd.ie
Matthew Nicholson nicholm1@tcd.ie
Colm O'Fearghail OFEARGCO@tcd.ie
Eva Power evpower@tcd.ie
Alex Randles arandles@tcd.ie
Brendan Spillane BRENDAN.SPILLANE@tcd.ie
Georgia Spooner GEORGIA.SPOONER@tcd.ie
John Walsh john.walsh@tcd.ie
Goksu Yamac gyamac@tcd.ie
Professor Khurshid Ahmad KHURSHID.AHMAD@tcd.ie
Inmaculada Arnedillo-Sanchez Macu.Arnedillo@tcd.ie
Stephen Barrett Stephen.Barrett@tcd.ie
Alessio Benavoli ALESSIO.BENAVOLI@tcd.ie
Abeba Birhane birhanea@tcd.ie
Goetz Botterweck GOETZ.BOTTERWECK@tcd.ie
Melanie Bouroche bourocm@tcd.ie
Nina Bresnihan Nina.Bresnihan@tcd.ie
Professor Caroline Brophy CAROLINE.BROPHY@tcd.ie
Andrew Butterfield Andrew.Butterfield@tcd.ie
Professor Vinny Cahill Vinny.Cahill@tcd.ie
Professor Siobhan Clarke Siobhan.Clarke@tcd.ie
Professor Owen Conlan owen.conlan@tcd.ie
Silvia D'Angelo dangelos@tcd.ie
Kenneth Dawson-Howe Kenneth.Dawson-Howe@tcd.ie
Eoin Delaney EOIN.DELANEY@tcd.ie
Giovanni Di Liberto gdiliber@tcd.ie
John Dingliana john.dingliana@tcd.ie
Professor Gavin Doherty Gavin.Doherty@tcd.ie
Alexis Donnelly Alexis.Donnelly@tcd.ie
Jonathan Dukes jonathan.dukes@tcd.ie
Professor Ivana Dusparic IVANA.DUSPARIC@tcd.ie
Merim Dzaferagic MERIM.DZAFERAGIC@tcd.ie
Martin Emms Martin.Emms@tcd.ie
Tim Fernando Tim.Fernando@tcd.ie
Cornelius Fritz fritzc@tcd.ie
Athanasios Georgiadis georgiaa@tcd.ie
Yvette Graham ygraham@tcd.ie
Professor David Gregg David.Gregg@tcd.ie
Professor Mads Haahr Mads.Haahr@tcd.ie
Lucy Hederman Lucy.Hederman@tcd.ie
Bahman Honari bhonari@tcd.ie
Emma Louise Howard emhoward@tcd.ie
Binh-Son Hua BINHSON.HUA@tcd.ie
Meriel Huggard Meriel.Huggard@tcd.ie
Professor John Kelleher JOHN.KELLEHER@tcd.ie
Vasileios Koutavas vkoutav@tcd.ie
Professor Douglas Leith leithdo@tcd.ie
Professor David Lewis dave.lewis@tcd.ie
Saif Ur Rehman Malik sumalik@tcd.ie
Michael Manzke Michael.Manzke@tcd.ie
Professor Rachel Mc Donnell ramcdonn@tcd.ie
Ciaran Mc Goldrick Ciaran.McGoldrick@tcd.ie
Subrahmanyam Murala muralas@tcd.ie
James Ng ngja@tcd.ie
Van-Dinh Nguyen DINH.NGUYEN@tcd.ie
Professor Gregory O'Hare GREGORY.OHARE@tcd.ie
Professor Declan O'Sullivan Declan.OSullivan@tcd.ie
Professor Carol O'Sullivan Carol.OSullivan@tcd.ie
Viet Pham VIET.PHAM@tcd.ie
Ms. Paula Roberts Paula.Roberts@tcd.ie
Professor Marco Ruffini MARCO.RUFFINI@tcd.ie
Timothy Savage Tim.Savage@tcd.ie
Fergal Shevlin Fergal.Shevlin@tcd.ie
Ms. Gaye Stephens gaye.stephens@tcd.ie
Glenn Strong Glenn.Strong@tcd.ie
Professor Brendan Tangney tangney@tcd.ie
Hitesh Tewari Hitesh.Tewari@tcd.ie
Anthony Ventresque ANTHONY.VENTRESQUE@tcd.ie
Professor Carl Vogel Carl.Vogel@tcd.ie
Professor Vincent Wade Vincent.Wade@tcd.ie
John Waldron John.Waldron@tcd.ie
Stefan Weber Stefan.Weber@tcd.ie
Arthur White arwhite@tcd.ie
Professor Simon Wilson Simon.Wilson@tcd.ie
Jason Wyse wyseja@tcd.ie
Gareth Young GARETH.YOUNG@tcd.ie
Mimi Zhang MIMI.ZHANG@tcd.ie
Éamonn Ó Nualláin Eamonn.ONuallain@tcd.ie
Shane Greenan shane.greenan@tcd.ie
Ronan Healy Ronan.Healy@tcd.ie
John Keogh John.Keogh@tcd.ie
Paul Masterson Paul.Masterson@tcd.ie
Cathal O'Connor Cathal.OConnor@tcd.ie
David M Abrahamson David.Abrahamson@tcd.ie
Sihem Bakri sbakri@tcd.ie
Wanling Cai WANLING.CAI@tcd.ie
Grace D'Arcy grdarcy@tcd.ie
Ferran De La Varga Antoja fdelavar@tcd.ie
Valerie De Moor demoorv@tcd.ie
Sangita Dhara dharas@tcd.ie
Stephen Farrell stephen.farrell@tcd.ie
Delaram Golpayegani golpayes@tcd.ie
Alberto Jovane jovanea@tcd.ie
Eamonn Kenny Eamonn.Kenny@tcd.ie
Rouven Lattner rlattner@tcd.ie
Yu Yang Lin Hou linhouy@tcd.ie
Erwan Moreau moreaue@tcd.ie
Gary Munnelly munnelg@tcd.ie
Matthew Nicholson nicholm1@tcd.ie
Colm O'Fearghail OFEARGCO@tcd.ie
Eva Power evpower@tcd.ie
Alex Randles arandles@tcd.ie
Brendan Spillane BRENDAN.SPILLANE@tcd.ie
Georgia Spooner GEORGIA.SPOONER@tcd.ie
John Walsh john.walsh@tcd.ie
Goksu Yamac gyamac@tcd.ie
Professor Khurshid Ahmad KHURSHID.AHMAD@tcd.ie
Inmaculada Arnedillo-Sanchez Macu.Arnedillo@tcd.ie
Stephen Barrett Stephen.Barrett@tcd.ie
Alessio Benavoli ALESSIO.BENAVOLI@tcd.ie
Abeba Birhane birhanea@tcd.ie
Goetz Botterweck GOETZ.BOTTERWECK@tcd.ie
Melanie Bouroche bourocm@tcd.ie
Nina Bresnihan Nina.Bresnihan@tcd.ie
Professor Caroline Brophy CAROLINE.BROPHY@tcd.ie
Andrew Butterfield Andrew.Butterfield@tcd.ie
Professor Vinny Cahill Vinny.Cahill@tcd.ie
Professor Siobhan Clarke Siobhan.Clarke@tcd.ie
Professor Owen Conlan owen.conlan@tcd.ie
Silvia D'Angelo dangelos@tcd.ie
Kenneth Dawson-Howe Kenneth.Dawson-Howe@tcd.ie
Eoin Delaney EOIN.DELANEY@tcd.ie
Giovanni Di Liberto gdiliber@tcd.ie
John Dingliana john.dingliana@tcd.ie
Professor Gavin Doherty Gavin.Doherty@tcd.ie
Alexis Donnelly Alexis.Donnelly@tcd.ie
Jonathan Dukes jonathan.dukes@tcd.ie
Professor Ivana Dusparic IVANA.DUSPARIC@tcd.ie
Merim Dzaferagic MERIM.DZAFERAGIC@tcd.ie
Martin Emms Martin.Emms@tcd.ie
Tim Fernando Tim.Fernando@tcd.ie
Cornelius Fritz fritzc@tcd.ie
Athanasios Georgiadis georgiaa@tcd.ie
Yvette Graham ygraham@tcd.ie
Professor David Gregg David.Gregg@tcd.ie
Professor Mads Haahr Mads.Haahr@tcd.ie
Lucy Hederman Lucy.Hederman@tcd.ie
Bahman Honari bhonari@tcd.ie
Emma Louise Howard emhoward@tcd.ie
Binh-Son Hua BINHSON.HUA@tcd.ie
Meriel Huggard Meriel.Huggard@tcd.ie
Professor John Kelleher JOHN.KELLEHER@tcd.ie
Vasileios Koutavas vkoutav@tcd.ie
Professor Douglas Leith leithdo@tcd.ie
Professor David Lewis dave.lewis@tcd.ie
Saif Ur Rehman Malik sumalik@tcd.ie
Michael Manzke Michael.Manzke@tcd.ie
Professor Rachel Mc Donnell ramcdonn@tcd.ie
Ciaran Mc Goldrick Ciaran.McGoldrick@tcd.ie
Subrahmanyam Murala muralas@tcd.ie
James Ng ngja@tcd.ie
Van-Dinh Nguyen DINH.NGUYEN@tcd.ie
